{
  "total_images": 64,
  "mean_detection_drop": 0.78125,
  "std_detection_drop": 0.9506681025835679,
  "mean_detection_removal_rate": 0.6197916666666666,
  "mean_avg_confidence_drop": 0.4705597232871999,
  "mean_max_confidence_drop": 0.5011181943118572,
  "total_all_removed": 40,
  "FLIP_RATE": 0.625,
  "total_partial_removal": 4,
  "partial_removal_rate": 0.0625,
  "mean_original_detections": 1.234375,
  "mean_inpainted_detections": 0.453125
}